knot,minimum_computed_bridge_index,,,,knot_standard_name,knotinfo_bridge_index,difference_of_bridge_indices
10_001,2,10_,001,0001,10_0001,2,0
10_002,2,10_,002,0002,10_0002,2,0
10_003,2,10_,003,0003,10_0003,2,0
10_4,2,10_,4,0004,10_0004,2,0
10_5,2,10_,5,0005,10_0005,2,0
10_6,2,10_,6,0006,10_0006,2,0
10_7,2,10_,7,0007,10_0007,2,0
10_8,2,10_,8,0008,10_0008,2,0
10_9,2,10_,9,0009,10_0009,2,0
10_010,2,10_,010,0010,10_0010,2,0
10_011,2,10_,011,0011,10_0011,2,0
10_012,2,10_,012,0012,10_0012,2,0
10_013,2,10_,013,0013,10_0013,2,0
10_014,2,10_,014,0014,10_0014,2,0
10_015,2,10_,015,0015,10_0015,2,0
10_016,2,10_,016,0016,10_0016,2,0
10_017,2,10_,017,0017,10_0017,2,0
10_018,2,10_,018,0018,10_0018,2,0
10_019,2,10_,019,0019,10_0019,2,0
10_020,2,10_,020,0020,10_0020,2,0
10_021,2,10_,021,0021,10_0021,2,0
10_022,2,10_,022,0022,10_0022,2,0
10_023,2,10_,023,0023,10_0023,2,0
10_024,2,10_,024,0024,10_0024,2,0
10_025,2,10_,025,0025,10_0025,2,0
10_026,2,10_,026,0026,10_0026,2,0
10_027,2,10_,027,0027,10_0027,2,0
10_028,2,10_,028,0028,10_0028,2,0
10_029,2,10_,029,0029,10_0029,2,0
10_030,2,10_,030,0030,10_0030,2,0
10_031,2,10_,031,0031,10_0031,2,0
10_032,2,10_,032,0032,10_0032,2,0
10_33,2,10_,33,0033,10_0033,2,0
10_34,2,10_,34,0034,10_0034,2,0
10_35,2,10_,35,0035,10_0035,2,0
10_36,2,10_,36,0036,10_0036,2,0
10_37,2,10_,37,0037,10_0037,2,0
10_38,2,10_,38,0038,10_0038,2,0
10_39,2,10_,39,0039,10_0039,2,0
10_40,2,10_,40,0040,10_0040,2,0
10_41,2,10_,41,0041,10_0041,2,0
10_42,2,10_,42,0042,10_0042,2,0
10_43,2,10_,43,0043,10_0043,2,0
10_44,2,10_,44,0044,10_0044,2,0
10_45,2,10_,45,0045,10_0045,2,0
10_46,3,10_,46,0046,10_0046,3,0
10_47,3,10_,47,0047,10_0047,3,0
10_48,3,10_,48,0048,10_0048,3,0
10_49,3,10_,49,0049,10_0049,3,0
10_50,3,10_,50,0050,10_0050,3,0
10_51,3,10_,51,0051,10_0051,3,0
10_52,3,10_,52,0052,10_0052,3,0
10_53,3,10_,53,0053,10_0053,3,0
10_54,3,10_,54,0054,10_0054,3,0
10_55,3,10_,55,0055,10_0055,3,0
10_56,3,10_,56,0056,10_0056,3,0
10_57,3,10_,57,0057,10_0057,3,0
10_58,3,10_,58,0058,10_0058,3,0
10_59,3,10_,59,0059,10_0059,3,0
10_60,3,10_,60,0060,10_0060,3,0
10_61,3,10_,61,0061,10_0061,3,0
10_62,3,10_,62,0062,10_0062,3,0
10_63,3,10_,63,0063,10_0063,3,0
10_64,3,10_,64,0064,10_0064,3,0
10_65,3,10_,65,0065,10_0065,3,0
10_66,3,10_,66,0066,10_0066,3,0
10_67,3,10_,67,0067,10_0067,3,0
10_68,3,10_,68,0068,10_0068,3,0
10_69,3,10_,69,0069,10_0069,3,0
10_70,3,10_,70,0070,10_0070,3,0
10_71,3,10_,71,0071,10_0071,3,0
10_72,3,10_,72,0072,10_0072,3,0
10_73,3,10_,73,0073,10_0073,3,0
10_74,3,10_,74,0074,10_0074,3,0
10_75,3,10_,75,0075,10_0075,3,0
10_76,3,10_,76,0076,10_0076,3,0
10_77,3,10_,77,0077,10_0077,3,0
10_78,3,10_,78,0078,10_0078,3,0
10_79,3,10_,79,0079,10_0079,3,0
10_80,3,10_,80,0080,10_0080,3,0
10_81,3,10_,81,0081,10_0081,3,0
10_82,3,10_,82,0082,10_0082,3,0
10_83,3,10_,83,0083,10_0083,3,0
10_84,3,10_,84,0084,10_0084,3,0
10_85,3,10_,85,0085,10_0085,3,0
10_86,3,10_,86,0086,10_0086,3,0
10_87,3,10_,87,0087,10_0087,3,0
10_88,3,10_,88,0088,10_0088,3,0
10_89,3,10_,89,0089,10_0089,3,0
10_90,3,10_,90,0090,10_0090,3,0
10_91,3,10_,91,0091,10_0091,3,0
10_92,3,10_,92,0092,10_0092,3,0
10_93,3,10_,93,0093,10_0093,3,0
10_94,3,10_,94,0094,10_0094,3,0
10_95,3,10_,95,0095,10_0095,3,0
10_96,3,10_,96,0096,10_0096,3,0
10_97,3,10_,97,0097,10_0097,3,0
10_98,3,10_,98,0098,10_0098,3,0
10_99,3,10_,99,0099,10_0099,3,0
10_100,3,10_,100,0100,10_0100,3,0
10_101,3,10_,101,0101,10_0101,3,0
10_102,3,10_,102,0102,10_0102,3,0
10_103,3,10_,103,0103,10_0103,3,0
10_104,3,10_,104,0104,10_0104,3,0
10_105,3,10_,105,0105,10_0105,3,0
10_106,3,10_,106,0106,10_0106,3,0
10_107,3,10_,107,0107,10_0107,3,0
10_108,3,10_,108,0108,10_0108,3,0
10_109,3,10_,109,0109,10_0109,3,0
10_110,3,10_,110,0110,10_0110,3,0
10_111,3,10_,111,0111,10_0111,3,0
10_112,3,10_,112,0112,10_0112,3,0
10_113,3,10_,113,0113,10_0113,3,0
10_114,3,10_,114,0114,10_0114,3,0
10_115,3,10_,115,0115,10_0115,3,0
10_116,3,10_,116,0116,10_0116,3,0
10_117,3,10_,117,0117,10_0117,3,0
10_118,3,10_,118,0118,10_0118,3,0
10_119,3,10_,119,0119,10_0119,3,0
10_120,3,10_,120,0120,10_0120,3,0
10_121,3,10_,121,0121,10_0121,3,0
10_122,3,10_,122,0122,10_0122,3,0
10_123,3,10_,123,0123,10_0123,3,0
10_124,3,10_,124,0124,10_0124,3,0
10_125,3,10_,125,0125,10_0125,3,0
10_126,3,10_,126,0126,10_0126,3,0
10_127,3,10_,127,0127,10_0127,3,0
10_128,3,10_,128,0128,10_0128,3,0
10_129,3,10_,129,0129,10_0129,3,0
10_130,3,10_,130,0130,10_0130,3,0
10_131,3,10_,131,0131,10_0131,3,0
10_132,3,10_,132,0132,10_0132,3,0
10_133,3,10_,133,0133,10_0133,3,0
10_134,3,10_,134,0134,10_0134,3,0
10_135,3,10_,135,0135,10_0135,3,0
10_136,3,10_,136,0136,10_0136,3,0
10_137,3,10_,137,0137,10_0137,3,0
10_138,3,10_,138,0138,10_0138,3,0
10_139,3,10_,139,0139,10_0139,3,0
10_140,3,10_,140,0140,10_0140,3,0
10_141,3,10_,141,0141,10_0141,3,0
10_142,3,10_,142,0142,10_0142,3,0
10_143,3,10_,143,0143,10_0143,3,0
10_144,3,10_,144,0144,10_0144,3,0
10_145,3,10_,145,0145,10_0145,3,0
10_146,3,10_,146,0146,10_0146,3,0
10_147,3,10_,147,0147,10_0147,3,0
10_148,3,10_,148,0148,10_0148,3,0
10_149,3,10_,149,0149,10_0149,3,0
10_150,3,10_,150,0150,10_0150,3,0
10_151,3,10_,151,0151,10_0151,3,0
10_152,3,10_,152,0152,10_0152,3,0
10_153,3,10_,153,0153,10_0153,3,0
10_154,3,10_,154,0154,10_0154,3,0
10_155,3,10_,155,0155,10_0155,3,0
10_156,3,10_,156,0156,10_0156,3,0
10_157,3,10_,157,0157,10_0157,3,0
10_158,3,10_,158,0158,10_0158,3,0
10_159,3,10_,159,0159,10_0159,3,0
10_160,3,10_,160,0160,10_0160,3,0
10_161,3,10_,161,0161,10_0161,3,0
10_162,3,10_,162,0162,10_0162,3,0
10_163,3,10_,163,0163,10_0163,3,0
10_164,3,10_,164,0164,10_0164,3,0
10_165,3,10_,165,0165,10_0165,3,0
11a_1,3,11a_,1,0001,11a_0001,3,0
11a_2,3,11a_,2,0002,11a_0002,3,0
11a_3,3,11a_,3,0003,11a_0003,3,0
11a_4,3,11a_,4,0004,11a_0004,3,0
11a_5,3,11a_,5,0005,11a_0005,3,0
11a_6,3,11a_,6,0006,11a_0006,3,0
11a_7,3,11a_,7,0007,11a_0007,3,0
11a_8,3,11a_,8,0008,11a_0008,3,0
11a_9,3,11a_,9,0009,11a_0009,3,0
11a_10,3,11a_,10,0010,11a_0010,3,0
11a_11,3,11a_,11,0011,11a_0011,3,0
11a_12,3,11a_,12,0012,11a_0012,3,0
11a_13,2,11a_,13,0013,11a_0013,2,0
11a_14,3,11a_,14,0014,11a_0014,3,0
11a_15,3,11a_,15,0015,11a_0015,3,0
11a_16,3,11a_,16,0016,11a_0016,3,0
11a_17,3,11a_,17,0017,11a_0017,3,0
11a_18,3,11a_,18,0018,11a_0018,3,0
11a_19,3,11a_,19,0019,11a_0019,3,0
11a_20,3,11a_,20,0020,11a_0020,3,0
11a_21,3,11a_,21,0021,11a_0021,3,0
11a_22,3,11a_,22,0022,11a_0022,3,0
11a_23,3,11a_,23,0023,11a_0023,3,0
11a_24,3,11a_,24,0024,11a_0024,3,0
11a_25,3,11a_,25,0025,11a_0025,3,0
11a_26,3,11a_,26,0026,11a_0026,3,0
11a_27,3,11a_,27,0027,11a_0027,3,0
11a_28,3,11a_,28,0028,11a_0028,3,0
11a_29,3,11a_,29,0029,11a_0029,3,0
11a_30,3,11a_,30,0030,11a_0030,3,0
11a_31,3,11a_,31,0031,11a_0031,3,0
11a_32,3,11a_,32,0032,11a_0032,3,0
11a_33,3,11a_,33,0033,11a_0033,3,0
11a_34,3,11a_,34,0034,11a_0034,3,0
11a_35,3,11a_,35,0035,11a_0035,3,0
11a_36,3,11a_,36,0036,11a_0036,3,0
11a_37,3,11a_,37,0037,11a_0037,3,0
11a_38,3,11a_,38,0038,11a_0038,3,0
11a_39,3,11a_,39,0039,11a_0039,3,0
11a_40,3,11a_,40,0040,11a_0040,3,0
11a_41,3,11a_,41,0041,11a_0041,3,0
11a_42,3,11a_,42,0042,11a_0042,3,0
11a_43,4,11a_,43,0043,11a_0043,4,0
11a_44,4,11a_,44,0044,11a_0044,4,0
11a_45,3,11a_,45,0045,11a_0045,3,0
11a_46,3,11a_,46,0046,11a_0046,3,0
11a_47,4,11a_,47,0047,11a_0047,4,0
11a_48,3,11a_,48,0048,11a_0048,3,0
11a_49,3,11a_,49,0049,11a_0049,3,0
11a_50,3,11a_,50,0050,11a_0050,3,0
11a_51,3,11a_,51,0051,11a_0051,3,0
11a_52,3,11a_,52,0052,11a_0052,3,0
11a_53,3,11a_,53,0053,11a_0053,3,0
11a_54,3,11a_,54,0054,11a_0054,3,0
11a_55,3,11a_,55,0055,11a_0055,3,0
11a_56,3,11a_,56,0056,11a_0056,3,0
11a_57,4,11a_,57,0057,11a_0057,4,0
11a_58,3,11a_,58,0058,11a_0058,3,0
11a_59,2,11a_,59,0059,11a_0059,2,0
11a_60,3,11a_,60,0060,11a_0060,3,0
11a_61,3,11a_,61,0061,11a_0061,3,0
11a_62,3,11a_,62,0062,11a_0062,3,0
11a_63,3,11a_,63,0063,11a_0063,3,0
11a_64,3,11a_,64,0064,11a_0064,3,0
11a_65,2,11a_,65,0065,11a_0065,2,0
11a_66,3,11a_,66,0066,11a_0066,3,0
11a_67,3,11a_,67,0067,11a_0067,3,0
11a_68,3,11a_,68,0068,11a_0068,3,0
11a_69,3,11a_,69,0069,11a_0069,3,0
11a_70,3,11a_,70,0070,11a_0070,3,0
11a_71,3,11a_,71,0071,11a_0071,3,0
11a_72,3,11a_,72,0072,11a_0072,3,0
11a_73,3,11a_,73,0073,11a_0073,3,0
11a_74,3,11a_,74,0074,11a_0074,3,0
11a_75,2,11a_,75,0075,11a_0075,2,0
11a_76,3,11a_,76,0076,11a_0076,3,0
11a_77,2,11a_,77,0077,11a_0077,2,0
11a_78,3,11a_,78,0078,11a_0078,3,0
11a_79,3,11a_,79,0079,11a_0079,3,0
11a_80,3,11a_,80,0080,11a_0080,3,0
11a_81,3,11a_,81,0081,11a_0081,3,0
11a_82,3,11a_,82,0082,11a_0082,3,0
11a_83,3,11a_,83,0083,11a_0083,3,0
11a_84,2,11a_,84,0084,11a_0084,2,0
11a_85,2,11a_,85,0085,11a_0085,2,0
11a_86,3,11a_,86,0086,11a_0086,3,0
11a_87,3,11a_,87,0087,11a_0087,3,0
11a_88,3,11a_,88,0088,11a_0088,3,0
11a_89,2,11a_,89,0089,11a_0089,2,0
11a_90,2,11a_,90,0090,11a_0090,2,0
11a_91,2,11a_,91,0091,11a_0091,2,0
11a_92,3,11a_,92,0092,11a_0092,3,0
11a_93,2,11a_,93,0093,11a_0093,2,0
11a_94,3,11a_,94,0094,11a_0094,3,0
11a_95,2,11a_,95,0095,11a_0095,2,0
11a_96,2,11a_,96,0096,11a_0096,2,0
11a_97,3,11a_,97,0097,11a_0097,3,0
11a_98,2,11a_,98,0098,11a_0098,2,0
11a_99,3,11a_,99,0099,11a_0099,3,0
11a_100,3,11a_,100,0100,11a_0100,3,0
11a_101,3,11a_,101,0101,11a_0101,3,0
11a_102,3,11a_,102,0102,11a_0102,3,0
11a_103,3,11a_,103,0103,11a_0103,3,0
11a_104,3,11a_,104,0104,11a_0104,3,0
11a_105,3,11a_,105,0105,11a_0105,3,0
11a_106,3,11a_,106,0106,11a_0106,3,0
11a_107,3,11a_,107,0107,11a_0107,3,0
11a_108,3,11a_,108,0108,11a_0108,3,0
11a_109,3,11a_,109,0109,11a_0109,3,0
11a_110,2,11a_,110,0110,11a_0110,2,0
11a_111,2,11a_,111,0111,11a_0111,2,0
11a_112,3,11a_,112,0112,11a_0112,3,0
11a_113,3,11a_,113,0113,11a_0113,3,0
11a_114,3,11a_,114,0114,11a_0114,3,0
11a_115,3,11a_,115,0115,11a_0115,3,0
11a_116,3,11a_,116,0116,11a_0116,3,0
11a_117,2,11a_,117,0117,11a_0117,2,0
11a_118,3,11a_,118,0118,11a_0118,3,0
11a_119,2,11a_,119,0119,11a_0119,2,0
11a_120,2,11a_,120,0120,11a_0120,2,0
11a_121,2,11a_,121,0121,11a_0121,2,0
11a_122,3,11a_,122,0122,11a_0122,3,0
11a_123,3,11a_,123,0123,11a_0123,3,0
11a_124,3,11a_,124,0124,11a_0124,3,0
11a_125,3,11a_,125,0125,11a_0125,3,0
11a_126,3,11a_,126,0126,11a_0126,3,0
11a_127,3,11a_,127,0127,11a_0127,3,0
11a_128,3,11a_,128,0128,11a_0128,3,0
11a_129,3,11a_,129,0129,11a_0129,3,0
11a_130,3,11a_,130,0130,11a_0130,3,0
11a_131,3,11a_,131,0131,11a_0131,3,0
11a_132,3,11a_,132,0132,11a_0132,3,0
11a_133,3,11a_,133,0133,11a_0133,3,0
11a_134,3,11a_,134,0134,11a_0134,3,0
11a_135,3,11a_,135,0135,11a_0135,3,0
11a_136,3,11a_,136,0136,11a_0136,3,0
11a_137,3,11a_,137,0137,11a_0137,3,0
11a_138,3,11a_,138,0138,11a_0138,3,0
11a_139,3,11a_,139,0139,11a_0139,3,0
11a_140,2,11a_,140,0140,11a_0140,2,0
11a_141,3,11a_,141,0141,11a_0141,3,0
11a_142,3,11a_,142,0142,11a_0142,3,0
11a_143,3,11a_,143,0143,11a_0143,3,0
11a_144,2,11a_,144,0144,11a_0144,2,0
11a_145,2,11a_,145,0145,11a_0145,2,0
11a_146,3,11a_,146,0146,11a_0146,3,0
11a_147,3,11a_,147,0147,11a_0147,3,0
11a_148,3,11a_,148,0148,11a_0148,3,0
11a_149,3,11a_,149,0149,11a_0149,3,0
11a_150,3,11a_,150,0150,11a_0150,3,0
11a_151,3,11a_,151,0151,11a_0151,3,0
11a_152,3,11a_,152,0152,11a_0152,3,0
11a_153,3,11a_,153,0153,11a_0153,3,0
11a_154,2,11a_,154,0154,11a_0154,2,0
11a_155,3,11a_,155,0155,11a_0155,3,0
11a_156,3,11a_,156,0156,11a_0156,3,0
11a_157,3,11a_,157,0157,11a_0157,3,0
11a_158,3,11a_,158,0158,11a_0158,3,0
11a_159,2,11a_,159,0159,11a_0159,2,0
11a_160,3,11a_,160,0160,11a_0160,3,0
11a_161,3,11a_,161,0161,11a_0161,3,0
11a_162,3,11a_,162,0162,11a_0162,3,0
11a_163,3,11a_,163,0163,11a_0163,3,0
11a_164,3,11a_,164,0164,11a_0164,3,0
11a_165,3,11a_,165,0165,11a_0165,3,0
11a_166,2,11a_,166,0166,11a_0166,2,0
11a_167,3,11a_,167,0167,11a_0167,3,0
11a_168,3,11a_,168,0168,11a_0168,3,0
11a_169,3,11a_,169,0169,11a_0169,3,0
11a_170,3,11a_,170,0170,11a_0170,3,0
11a_171,3,11a_,171,0171,11a_0171,3,0
11a_172,3,11a_,172,0172,11a_0172,3,0
11a_173,3,11a_,173,0173,11a_0173,3,0
11a_174,2,11a_,174,0174,11a_0174,2,0
11a_175,2,11a_,175,0175,11a_0175,2,0
11a_176,2,11a_,176,0176,11a_0176,2,0
11a_177,2,11a_,177,0177,11a_0177,2,0
11a_178,2,11a_,178,0178,11a_0178,2,0
11a_179,2,11a_,179,0179,11a_0179,2,0
11a_180,2,11a_,180,0180,11a_0180,2,0
11a_181,3,11a_,181,0181,11a_0181,3,0
11a_182,2,11a_,182,0182,11a_0182,2,0
11a_183,2,11a_,183,0183,11a_0183,2,0
11a_184,2,11a_,184,0184,11a_0184,2,0
11a_185,2,11a_,185,0185,11a_0185,2,0
11a_186,2,11a_,186,0186,11a_0186,2,0
11a_187,3,11a_,187,0187,11a_0187,3,0
11a_188,2,11a_,188,0188,11a_0188,2,0
11a_189,3,11a_,189,0189,11a_0189,3,0
11a_190,2,11a_,190,0190,11a_0190,2,0
11a_191,2,11a_,191,0191,11a_0191,2,0
11a_192,2,11a_,192,0192,11a_0192,2,0
11a_193,2,11a_,193,0193,11a_0193,2,0
11a_194,3,11a_,194,0194,11a_0194,3,0
11a_195,2,11a_,195,0195,11a_0195,2,0
11a_196,3,11a_,196,0196,11a_0196,3,0
11a_197,3,11a_,197,0197,11a_0197,3,0
11a_198,3,11a_,198,0198,11a_0198,3,0
11a_199,3,11a_,199,0199,11a_0199,3,0
11a_200,3,11a_,200,0200,11a_0200,3,0
11a_201,3,11a_,201,0201,11a_0201,3,0
11a_202,3,11a_,202,0202,11a_0202,3,0
11a_203,2,11a_,203,0203,11a_0203,2,0
11a_204,2,11a_,204,0204,11a_0204,2,0
11a_205,2,11a_,205,0205,11a_0205,2,0
11a_206,2,11a_,206,0206,11a_0206,2,0
11a_207,2,11a_,207,0207,11a_0207,2,0
11a_208,2,11a_,208,0208,11a_0208,2,0
11a_209,3,11a_,209,0209,11a_0209,3,0
11a_210,2,11a_,210,0210,11a_0210,2,0
11a_211,2,11a_,211,0211,11a_0211,2,0
11a_212,3,11a_,212,0212,11a_0212,3,0
11a_213,3,11a_,213,0213,11a_0213,3,0
11a_214,3,11a_,214,0214,11a_0214,3,0
11a_215,3,11a_,215,0215,11a_0215,3,0
11a_216,3,11a_,216,0216,11a_0216,3,0
11a_217,3,11a_,217,0217,11a_0217,3,0
11a_218,3,11a_,218,0218,11a_0218,3,0
11a_219,3,11a_,219,0219,11a_0219,3,0
11a_220,2,11a_,220,0220,11a_0220,2,0
11a_221,3,11a_,221,0221,11a_0221,3,0
11a_222,3,11a_,222,0222,11a_0222,3,0
11a_223,3,11a_,223,0223,11a_0223,3,0
11a_224,2,11a_,224,0224,11a_0224,2,0
11a_225,2,11a_,225,0225,11a_0225,2,0
11a_226,2,11a_,226,0226,11a_0226,2,0
11a_227,3,11a_,227,0227,11a_0227,3,0
11a_228,3,11a_,228,0228,11a_0228,3,0
11a_229,2,11a_,229,0229,11a_0229,2,0
11a_230,2,11a_,230,0230,11a_0230,2,0
11a_231,4,11a_,231,0231,11a_0231,4,0
11a_232,3,11a_,232,0232,11a_0232,3,0
11a_233,3,11a_,233,0233,11a_0233,3,0
11a_234,2,11a_,234,0234,11a_0234,2,0
11a_235,2,11a_,235,0235,11a_0235,2,0
11a_236,2,11a_,236,0236,11a_0236,2,0
11a_237,3,11a_,237,0237,11a_0237,3,0
11a_238,2,11a_,238,0238,11a_0238,2,0
11a_239,3,11a_,239,0239,11a_0239,3,0
11a_240,3,11a_,240,0240,11a_0240,3,0
11a_241,3,11a_,241,0241,11a_0241,3,0
11a_242,2,11a_,242,0242,11a_0242,2,0
11a_243,2,11a_,243,0243,11a_0243,2,0
11a_244,3,11a_,244,0244,11a_0244,3,0
11a_245,3,11a_,245,0245,11a_0245,3,0
11a_246,2,11a_,246,0246,11a_0246,2,0
11a_247,2,11a_,247,0247,11a_0247,2,0
11a_248,3,11a_,248,0248,11a_0248,3,0
11a_249,3,11a_,249,0249,11a_0249,3,0
11a_250,3,11a_,250,0250,11a_0250,3,0
11a_251,3,11a_,251,0251,11a_0251,3,0
11a_252,3,11a_,252,0252,11a_0252,3,0
11a_253,3,11a_,253,0253,11a_0253,3,0
11a_254,3,11a_,254,0254,11a_0254,3,0
11a_255,3,11a_,255,0255,11a_0255,3,0
11a_256,3,11a_,256,0256,11a_0256,3,0
11a_257,3,11a_,257,0257,11a_0257,3,0
11a_258,3,11a_,258,0258,11a_0258,3,0
11a_259,3,11a_,259,0259,11a_0259,3,0
11a_260,3,11a_,260,0260,11a_0260,3,0
11a_261,3,11a_,261,0261,11a_0261,3,0
11a_262,3,11a_,262,0262,11a_0262,3,0
11a_263,4,11a_,263,0263,11a_0263,4,0
11a_264,3,11a_,264,0264,11a_0264,3,0
11a_265,3,11a_,265,0265,11a_0265,3,0
11a_266,3,11a_,266,0266,11a_0266,3,0
11a_267,3,11a_,267,0267,11a_0267,3,0
11a_268,3,11a_,268,0268,11a_0268,3,0
11a_269,3,11a_,269,0269,11a_0269,3,0
11a_270,3,11a_,270,0270,11a_0270,3,0
11a_271,3,11a_,271,0271,11a_0271,3,0
11a_272,3,11a_,272,0272,11a_0272,3,0
11a_273,3,11a_,273,0273,11a_0273,3,0
11a_274,3,11a_,274,0274,11a_0274,3,0
11a_275,3,11a_,275,0275,11a_0275,3,0
11a_276,3,11a_,276,0276,11a_0276,3,0
11a_277,3,11a_,277,0277,11a_0277,3,0
11a_278,3,11a_,278,0278,11a_0278,3,0
11a_279,3,11a_,279,0279,11a_0279,3,0
11a_280,3,11a_,280,0280,11a_0280,3,0
11a_281,3,11a_,281,0281,11a_0281,3,0
11a_282,3,11a_,282,0282,11a_0282,3,0
11a_283,3,11a_,283,0283,11a_0283,3,0
11a_284,3,11a_,284,0284,11a_0284,3,0
11a_285,3,11a_,285,0285,11a_0285,3,0
11a_286,3,11a_,286,0286,11a_0286,3,0
11a_287,3,11a_,287,0287,11a_0287,3,0
11a_288,3,11a_,288,0288,11a_0288,3,0
11a_289,3,11a_,289,0289,11a_0289,3,0
11a_290,3,11a_,290,0290,11a_0290,3,0
11a_291,3,11a_,291,0291,11a_0291,3,0
11a_292,3,11a_,292,0292,11a_0292,3,0
11a_293,3,11a_,293,0293,11a_0293,3,0
11a_294,3,11a_,294,0294,11a_0294,3,0
11a_295,3,11a_,295,0295,11a_0295,3,0
11a_296,3,11a_,296,0296,11a_0296,3,0
11a_297,3,11a_,297,0297,11a_0297,3,0
11a_298,3,11a_,298,0298,11a_0298,3,0
11a_299,3,11a_,299,0299,11a_0299,3,0
11a_300,3,11a_,300,0300,11a_0300,3,0
11a_301,3,11a_,301,0301,11a_0301,3,0
11a_302,3,11a_,302,0302,11a_0302,3,0
11a_303,3,11a_,303,0303,11a_0303,3,0
11a_304,3,11a_,304,0304,11a_0304,3,0
11a_305,3,11a_,305,0305,11a_0305,3,0
11a_306,2,11a_,306,0306,11a_0306,2,0
11a_307,2,11a_,307,0307,11a_0307,2,0
11a_308,2,11a_,308,0308,11a_0308,2,0
11a_309,2,11a_,309,0309,11a_0309,2,0
11a_310,2,11a_,310,0310,11a_0310,2,0
11a_311,2,11a_,311,0311,11a_0311,2,0
11a_312,3,11a_,312,0312,11a_0312,3,0
11a_313,3,11a_,313,0313,11a_0313,3,0
11a_314,3,11a_,314,0314,11a_0314,3,0
11a_315,3,11a_,315,0315,11a_0315,3,0
11a_316,3,11a_,316,0316,11a_0316,3,0
11a_317,3,11a_,317,0317,11a_0317,3,0
11a_318,3,11a_,318,0318,11a_0318,3,0
11a_319,3,11a_,319,0319,11a_0319,3,0
11a_320,3,11a_,320,0320,11a_0320,3,0
11a_321,3,11a_,321,0321,11a_0321,3,0
11a_322,3,11a_,322,0322,11a_0322,3,0
11a_323,3,11a_,323,0323,11a_0323,3,0
11a_324,3,11a_,324,0324,11a_0324,3,0
11a_325,3,11a_,325,0325,11a_0325,3,0
11a_326,3,11a_,326,0326,11a_0326,3,0
11a_327,3,11a_,327,0327,11a_0327,3,0
11a_328,3,11a_,328,0328,11a_0328,3,0
11a_329,3,11a_,329,0329,11a_0329,3,0
11a_330,3,11a_,330,0330,11a_0330,3,0
11a_331,3,11a_,331,0331,11a_0331,3,0
11a_332,3,11a_,332,0332,11a_0332,3,0
11a_333,2,11a_,333,0333,11a_0333,2,0
11a_334,2,11a_,334,0334,11a_0334,2,0
11a_335,2,11a_,335,0335,11a_0335,2,0
11a_336,2,11a_,336,0336,11a_0336,2,0
11a_337,2,11a_,337,0337,11a_0337,2,0
11a_338,3,11a_,338,0338,11a_0338,3,0
11a_339,2,11a_,339,0339,11a_0339,2,0
11a_340,3,11a_,340,0340,11a_0340,3,0
11a_341,2,11a_,341,0341,11a_0341,2,0
11a_342,2,11a_,342,0342,11a_0342,2,0
11a_343,2,11a_,343,0343,11a_0343,2,0
11a_344,3,11a_,344,0344,11a_0344,3,0
11a_345,3,11a_,345,0345,11a_0345,3,0
11a_346,3,11a_,346,0346,11a_0346,3,0
11a_347,3,11a_,347,0347,11a_0347,3,0
11a_348,3,11a_,348,0348,11a_0348,3,0
11a_349,3,11a_,349,0349,11a_0349,3,0
11a_350,3,11a_,350,0350,11a_0350,3,0
11a_351,3,11a_,351,0351,11a_0351,3,0
11a_352,3,11a_,352,0352,11a_0352,3,0
11a_353,3,11a_,353,0353,11a_0353,3,0
11a_354,3,11a_,354,0354,11a_0354,3,0
11a_355,2,11a_,355,0355,11a_0355,2,0
11a_356,2,11a_,356,0356,11a_0356,2,0
11a_357,2,11a_,357,0357,11a_0357,2,0
11a_358,2,11a_,358,0358,11a_0358,2,0
11a_359,2,11a_,359,0359,11a_0359,2,0
11a_360,2,11a_,360,0360,11a_0360,2,0
11a_361,3,11a_,361,0361,11a_0361,3,0
11a_362,3,11a_,362,0362,11a_0362,3,0
11a_363,2,11a_,363,0363,11a_0363,2,0
11a_364,2,11a_,364,0364,11a_0364,2,0
11a_365,2,11a_,365,0365,11a_0365,2,0
11a_366,3,11a_,366,0366,11a_0366,3,0
11a_367,2,11a_,367,0367,11a_0367,2,0
3_1,2,3_,1,0001,3_0001,2,0
4_1,2,4_,1,0001,4_0001,2,0
5_1,2,5_,1,0001,5_0001,2,0
5_2,2,5_,2,0002,5_0002,2,0
6_1,2,6_,1,0001,6_0001,2,0
6_2,2,6_,2,0002,6_0002,2,0
6_3,2,6_,3,0003,6_0003,2,0
7_1,2,7_,1,0001,7_0001,2,0
7_2,2,7_,2,0002,7_0002,2,0
7_3,2,7_,3,0003,7_0003,2,0
7_4,2,7_,4,0004,7_0004,2,0
7_5,2,7_,5,0005,7_0005,2,0
7_6,2,7_,6,0006,7_0006,2,0
7_7,2,7_,7,0007,7_0007,2,0
8_1,2,8_,1,0001,8_0001,2,0
8_2,2,8_,2,0002,8_0002,2,0
8_3,2,8_,3,0003,8_0003,2,0
8_4,2,8_,4,0004,8_0004,2,0
8_5,3,8_,5,0005,8_0005,3,0
8_6,2,8_,6,0006,8_0006,2,0
8_7,2,8_,7,0007,8_0007,2,0
8_8,2,8_,8,0008,8_0008,2,0
8_9,2,8_,9,0009,8_0009,2,0
8_10,3,8_,10,0010,8_0010,3,0
8_11,2,8_,11,0011,8_0011,2,0
8_12,2,8_,12,0012,8_0012,2,0
8_13,2,8_,13,0013,8_0013,2,0
8_14,2,8_,14,0014,8_0014,2,0
8_15,3,8_,15,0015,8_0015,3,0
8_16,3,8_,16,0016,8_0016,3,0
8_17,3,8_,17,0017,8_0017,3,0
8_18,3,8_,18,0018,8_0018,3,0
8_19,3,8_,19,0019,8_0019,3,0
8_20,3,8_,20,0020,8_0020,3,0
8_21,3,8_,21,0021,8_0021,3,0
9_1,2,9_,1,0001,9_0001,2,0
9_2,2,9_,2,0002,9_0002,2,0
9_3,2,9_,3,0003,9_0003,2,0
9_4,2,9_,4,0004,9_0004,2,0
9_5,2,9_,5,0005,9_0005,2,0
9_6,2,9_,6,0006,9_0006,2,0
9_7,2,9_,7,0007,9_0007,2,0
9_8,2,9_,8,0008,9_0008,2,0
9_9,2,9_,9,0009,9_0009,2,0
9_10,2,9_,10,0010,9_0010,2,0
9_11,2,9_,11,0011,9_0011,2,0
9_12,2,9_,12,0012,9_0012,2,0
9_13,2,9_,13,0013,9_0013,2,0
9_14,2,9_,14,0014,9_0014,2,0
9_15,2,9_,15,0015,9_0015,2,0
9_16,3,9_,16,0016,9_0016,3,0
9_17,2,9_,17,0017,9_0017,2,0
9_18,2,9_,18,0018,9_0018,2,0
9_19,2,9_,19,0019,9_0019,2,0
9_20,2,9_,20,0020,9_0020,2,0
9_21,2,9_,21,0021,9_0021,2,0
9_22,3,9_,22,0022,9_0022,3,0
9_23,2,9_,23,0023,9_0023,2,0
9_24,3,9_,24,0024,9_0024,3,0
9_25,3,9_,25,0025,9_0025,3,0
9_26,2,9_,26,0026,9_0026,2,0
9_27,2,9_,27,0027,9_0027,2,0
9_28,3,9_,28,0028,9_0028,3,0
9_29,3,9_,29,0029,9_0029,3,0
9_30,3,9_,30,0030,9_0030,3,0
9_31,2,9_,31,0031,9_0031,2,0
9_32,3,9_,32,0032,9_0032,3,0
9_33,3,9_,33,0033,9_0033,3,0
9_34,3,9_,34,0034,9_0034,3,0
9_35,3,9_,35,0035,9_0035,3,0
9_36,3,9_,36,0036,9_0036,3,0
9_37,3,9_,37,0037,9_0037,3,0
9_38,3,9_,38,0038,9_0038,3,0
9_39,3,9_,39,0039,9_0039,3,0
9_40,3,9_,40,0040,9_0040,3,0
9_41,3,9_,41,0041,9_0041,3,0
9_42,3,9_,42,0042,9_0042,3,0
9_43,3,9_,43,0043,9_0043,3,0
9_44,3,9_,44,0044,9_0044,3,0
9_45,3,9_,45,0045,9_0045,3,0
9_46,3,9_,46,0046,9_0046,3,0
9_47,3,9_,47,0047,9_0047,3,0
9_48,3,9_,48,0048,9_0048,3,0
9_49,3,9_,49,0049,9_0049,3,0